<?xml version="1.0" encoding="UTF-8" standalone="yes"?>
<addon id="plugin.video.mis.favoritos" name="Mis Favoritos Organizados" version="0.0.2" provider-name="Antigravity">
    <requires>
        <import addon="xbmc.python" version="3.0.0"/>
    </requires>
    
    <!-- Main Plugin Entry Point -->
    <extension point="xbmc.python.pluginsource" library="default.py">
        <provides>video</provides>
    </extension>
    
    <!-- Global Context Menu Entry -->
    <extension point="kodi.context.item">
        <menu id="kodi.core.main">
            <item library="resources/lib/context_menu.py">
                <label>Añadir a Mis Favoritos</label>
                <visible>true</visible>
            </item>
        </menu>
    </extension>

    <extension point="xbmc.addon.metadata">
        <summary lang="en_GB">Organized Favorites Manager</summary>
        <summary lang="es_ES">Gestor de Favoritos Organizados</summary>
        <description lang="en_GB">Manage your Kodi favorites with infinite nested folders and custom sorting.</description>
        <description lang="es_ES">Gestiona tus favoritos de Kodi con carpetas anidadas infinitas y orden personalizado.</description>
        <platform>all</platform>
        <assets>
            <!-- <icon>icon.png</icon>
            <fanart>fanart.jpg</fanart> -->
        </assets>
    </extension>
</addon>
